Feature Image Path,Blood Group
C:\Users\USER\Desktop\Stuff\Code\BloodGroupDetection\Feature\feature_0_A+.png,A+
C:\Users\USER\Desktop\Stuff\Code\BloodGroupDetection\Feature\feature_1_A+.png,A+
C:\Users\USER\Desktop\Stuff\Code\BloodGroupDetection\Feature\feature_2_A+.png,A+
C:\Users\USER\Desktop\Stuff\Code\BloodGroupDetection\Feature\feature_3_A+.png,A+
C:\Users\USER\Desktop\Stuff\Code\BloodGroupDetection\Feature\feature_4_A+.png,A+
C:\Users\USER\Desktop\Stuff\Code\BloodGroupDetection\Feature\feature_5_A+.png,A+
C:\Users\USER\Desktop\Stuff\Code\BloodGroupDetection\Feature\feature_6_A+.png,A+
C:\Users\USER\Desktop\Stuff\Code\BloodGroupDetection\Feature\feature_7_A+.png,A+
C:\Users\USER\Desktop\Stuff\Code\BloodGroupDetection\Feature\feature_8_A+.png,A+
C:\Users\USER\Desktop\Stuff\Code\BloodGroupDetection\Feature\feature_9_A+.png,A+
C:\Users\USER\Desktop\Stuff\Code\BloodGroupDetection\Feature\feature_10_A+.png,A+
C:\Users\USER\Desktop\Stuff\Code\BloodGroupDetection\Feature\feature_11_A+.png,A+
C:\Users\USER\Desktop\Stuff\Code\BloodGroupDetection\Feature\feature_12_A+.png,A+
C:\Users\USER\Desktop\Stuff\Code\BloodGroupDetection\Feature\feature_13_A+.png,A+
C:\Users\USER\Desktop\Stuff\Code\BloodGroupDetection\Feature\feature_14_A+.png,A+
C:\Users\USER\Desktop\Stuff\Code\BloodGroupDetection\Feature\feature_15_A+.png,A+
C:\Users\USER\Desktop\Stuff\Code\BloodGroupDetection\Feature\feature_16_A+.png,A+
C:\Users\USER\Desktop\Stuff\Code\BloodGroupDetection\Feature\feature_17_A+.png,A+
C:\Users\USER\Desktop\Stuff\Code\BloodGroupDetection\Feature\feature_18_A+.png,A+
C:\Users\USER\Desktop\Stuff\Code\BloodGroupDetection\Feature\feature_19_A+.png,A+
C:\Users\USER\Desktop\Stuff\Code\BloodGroupDetection\Feature\feature_20_A+.png,A+
C:\Users\USER\Desktop\Stuff\Code\BloodGroupDetection\Feature\feature_21_A+.png,A+
C:\Users\USER\Desktop\Stuff\Code\BloodGroupDetection\Feature\feature_22_A+.png,A+
C:\Users\USER\Desktop\Stuff\Code\BloodGroupDetection\Feature\feature_23_A+.png,A+
C:\Users\USER\Desktop\Stuff\Code\BloodGroupDetection\Feature\feature_24_A+.png,A+
C:\Users\USER\Desktop\Stuff\Code\BloodGroupDetection\Feature\feature_25_A+.png,A+
C:\Users\USER\Desktop\Stuff\Code\BloodGroupDetection\Feature\feature_26_A+.png,A+
C:\Users\USER\Desktop\Stuff\Code\BloodGroupDetection\Feature\feature_27_A+.png,A+
C:\Users\USER\Desktop\Stuff\Code\BloodGroupDetection\Feature\feature_28_A+.png,A+
C:\Users\USER\Desktop\Stuff\Code\BloodGroupDetection\Feature\feature_29_A+.png,A+
C:\Users\USER\Desktop\Stuff\Code\BloodGroupDetection\Feature\feature_30_A+.png,A+
C:\Users\USER\Desktop\Stuff\Code\BloodGroupDetection\Feature\feature_31_A+.png,A+
C:\Users\USER\Desktop\Stuff\Code\BloodGroupDetection\Feature\feature_32_A+.png,A+
C:\Users\USER\Desktop\Stuff\Code\BloodGroupDetection\Feature\feature_33_A+.png,A+
C:\Users\USER\Desktop\Stuff\Code\BloodGroupDetection\Feature\feature_34_A+.png,A+
C:\Users\USER\Desktop\Stuff\Code\BloodGroupDetection\Feature\feature_35_A+.png,A+
C:\Users\USER\Desktop\Stuff\Code\BloodGroupDetection\Feature\feature_36_A+.png,A+
C:\Users\USER\Desktop\Stuff\Code\BloodGroupDetection\Feature\feature_37_A+.png,A+
C:\Users\USER\Desktop\Stuff\Code\BloodGroupDetection\Feature\feature_38_A+.png,A+
C:\Users\USER\Desktop\Stuff\Code\BloodGroupDetection\Feature\feature_39_A+.png,A+
C:\Users\USER\Desktop\Stuff\Code\BloodGroupDetection\Feature\feature_40_A+.png,A+
C:\Users\USER\Desktop\Stuff\Code\BloodGroupDetection\Feature\feature_41_A+.png,A+
C:\Users\USER\Desktop\Stuff\Code\BloodGroupDetection\Feature\feature_42_A+.png,A+
C:\Users\USER\Desktop\Stuff\Code\BloodGroupDetection\Feature\feature_43_A+.png,A+
C:\Users\USER\Desktop\Stuff\Code\BloodGroupDetection\Feature\feature_44_A+.png,A+
C:\Users\USER\Desktop\Stuff\Code\BloodGroupDetection\Feature\feature_45_A+.png,A+
C:\Users\USER\Desktop\Stuff\Code\BloodGroupDetection\Feature\feature_46_A+.png,A+
C:\Users\USER\Desktop\Stuff\Code\BloodGroupDetection\Feature\feature_47_A+.png,A+
C:\Users\USER\Desktop\Stuff\Code\BloodGroupDetection\Feature\feature_48_A+.png,A+
C:\Users\USER\Desktop\Stuff\Code\BloodGroupDetection\Feature\feature_49_A+.png,A+
C:\Users\USER\Desktop\Stuff\Code\BloodGroupDetection\Feature\feature_555_A-.png,A-
C:\Users\USER\Desktop\Stuff\Code\BloodGroupDetection\Feature\feature_556_A-.png,A-
C:\Users\USER\Desktop\Stuff\Code\BloodGroupDetection\Feature\feature_557_A-.png,A-
C:\Users\USER\Desktop\Stuff\Code\BloodGroupDetection\Feature\feature_558_A-.png,A-
C:\Users\USER\Desktop\Stuff\Code\BloodGroupDetection\Feature\feature_559_A-.png,A-
C:\Users\USER\Desktop\Stuff\Code\BloodGroupDetection\Feature\feature_560_A-.png,A-
C:\Users\USER\Desktop\Stuff\Code\BloodGroupDetection\Feature\feature_561_A-.png,A-
C:\Users\USER\Desktop\Stuff\Code\BloodGroupDetection\Feature\feature_562_A-.png,A-
C:\Users\USER\Desktop\Stuff\Code\BloodGroupDetection\Feature\feature_563_A-.png,A-
C:\Users\USER\Desktop\Stuff\Code\BloodGroupDetection\Feature\feature_564_A-.png,A-
C:\Users\USER\Desktop\Stuff\Code\BloodGroupDetection\Feature\feature_565_A-.png,A-
C:\Users\USER\Desktop\Stuff\Code\BloodGroupDetection\Feature\feature_566_A-.png,A-
C:\Users\USER\Desktop\Stuff\Code\BloodGroupDetection\Feature\feature_567_A-.png,A-
C:\Users\USER\Desktop\Stuff\Code\BloodGroupDetection\Feature\feature_568_A-.png,A-
C:\Users\USER\Desktop\Stuff\Code\BloodGroupDetection\Feature\feature_569_A-.png,A-
C:\Users\USER\Desktop\Stuff\Code\BloodGroupDetection\Feature\feature_570_A-.png,A-
C:\Users\USER\Desktop\Stuff\Code\BloodGroupDetection\Feature\feature_571_A-.png,A-
C:\Users\USER\Desktop\Stuff\Code\BloodGroupDetection\Feature\feature_572_A-.png,A-
C:\Users\USER\Desktop\Stuff\Code\BloodGroupDetection\Feature\feature_573_A-.png,A-
C:\Users\USER\Desktop\Stuff\Code\BloodGroupDetection\Feature\feature_574_A-.png,A-
C:\Users\USER\Desktop\Stuff\Code\BloodGroupDetection\Feature\feature_575_A-.png,A-
C:\Users\USER\Desktop\Stuff\Code\BloodGroupDetection\Feature\feature_576_A-.png,A-
C:\Users\USER\Desktop\Stuff\Code\BloodGroupDetection\Feature\feature_577_A-.png,A-
C:\Users\USER\Desktop\Stuff\Code\BloodGroupDetection\Feature\feature_578_A-.png,A-
C:\Users\USER\Desktop\Stuff\Code\BloodGroupDetection\Feature\feature_579_A-.png,A-
C:\Users\USER\Desktop\Stuff\Code\BloodGroupDetection\Feature\feature_580_A-.png,A-
C:\Users\USER\Desktop\Stuff\Code\BloodGroupDetection\Feature\feature_581_A-.png,A-
C:\Users\USER\Desktop\Stuff\Code\BloodGroupDetection\Feature\feature_582_A-.png,A-
C:\Users\USER\Desktop\Stuff\Code\BloodGroupDetection\Feature\feature_583_A-.png,A-
C:\Users\USER\Desktop\Stuff\Code\BloodGroupDetection\Feature\feature_584_A-.png,A-
C:\Users\USER\Desktop\Stuff\Code\BloodGroupDetection\Feature\feature_585_A-.png,A-
C:\Users\USER\Desktop\Stuff\Code\BloodGroupDetection\Feature\feature_586_A-.png,A-
C:\Users\USER\Desktop\Stuff\Code\BloodGroupDetection\Feature\feature_587_A-.png,A-
C:\Users\USER\Desktop\Stuff\Code\BloodGroupDetection\Feature\feature_588_A-.png,A-
C:\Users\USER\Desktop\Stuff\Code\BloodGroupDetection\Feature\feature_589_A-.png,A-
C:\Users\USER\Desktop\Stuff\Code\BloodGroupDetection\Feature\feature_590_A-.png,A-
C:\Users\USER\Desktop\Stuff\Code\BloodGroupDetection\Feature\feature_591_A-.png,A-
C:\Users\USER\Desktop\Stuff\Code\BloodGroupDetection\Feature\feature_592_A-.png,A-
C:\Users\USER\Desktop\Stuff\Code\BloodGroupDetection\Feature\feature_593_A-.png,A-
C:\Users\USER\Desktop\Stuff\Code\BloodGroupDetection\Feature\feature_594_A-.png,A-
C:\Users\USER\Desktop\Stuff\Code\BloodGroupDetection\Feature\feature_595_A-.png,A-
C:\Users\USER\Desktop\Stuff\Code\BloodGroupDetection\Feature\feature_596_A-.png,A-
C:\Users\USER\Desktop\Stuff\Code\BloodGroupDetection\Feature\feature_597_A-.png,A-
C:\Users\USER\Desktop\Stuff\Code\BloodGroupDetection\Feature\feature_598_A-.png,A-
C:\Users\USER\Desktop\Stuff\Code\BloodGroupDetection\Feature\feature_599_A-.png,A-
C:\Users\USER\Desktop\Stuff\Code\BloodGroupDetection\Feature\feature_600_A-.png,A-
C:\Users\USER\Desktop\Stuff\Code\BloodGroupDetection\Feature\feature_601_A-.png,A-
C:\Users\USER\Desktop\Stuff\Code\BloodGroupDetection\Feature\feature_602_A-.png,A-
C:\Users\USER\Desktop\Stuff\Code\BloodGroupDetection\Feature\feature_603_A-.png,A-
C:\Users\USER\Desktop\Stuff\Code\BloodGroupDetection\Feature\feature_604_A-.png,A-
C:\Users\USER\Desktop\Stuff\Code\BloodGroupDetection\Feature\feature_1554_AB+.png,AB+
C:\Users\USER\Desktop\Stuff\Code\BloodGroupDetection\Feature\feature_1555_AB+.png,AB+
C:\Users\USER\Desktop\Stuff\Code\BloodGroupDetection\Feature\feature_1556_AB+.png,AB+
C:\Users\USER\Desktop\Stuff\Code\BloodGroupDetection\Feature\feature_1557_AB+.png,AB+
C:\Users\USER\Desktop\Stuff\Code\BloodGroupDetection\Feature\feature_1558_AB+.png,AB+
C:\Users\USER\Desktop\Stuff\Code\BloodGroupDetection\Feature\feature_1559_AB+.png,AB+
C:\Users\USER\Desktop\Stuff\Code\BloodGroupDetection\Feature\feature_1560_AB+.png,AB+
C:\Users\USER\Desktop\Stuff\Code\BloodGroupDetection\Feature\feature_1561_AB+.png,AB+
C:\Users\USER\Desktop\Stuff\Code\BloodGroupDetection\Feature\feature_1562_AB+.png,AB+
C:\Users\USER\Desktop\Stuff\Code\BloodGroupDetection\Feature\feature_1563_AB+.png,AB+
C:\Users\USER\Desktop\Stuff\Code\BloodGroupDetection\Feature\feature_1564_AB+.png,AB+
C:\Users\USER\Desktop\Stuff\Code\BloodGroupDetection\Feature\feature_1565_AB+.png,AB+
C:\Users\USER\Desktop\Stuff\Code\BloodGroupDetection\Feature\feature_1566_AB+.png,AB+
C:\Users\USER\Desktop\Stuff\Code\BloodGroupDetection\Feature\feature_1567_AB+.png,AB+
C:\Users\USER\Desktop\Stuff\Code\BloodGroupDetection\Feature\feature_1568_AB+.png,AB+
C:\Users\USER\Desktop\Stuff\Code\BloodGroupDetection\Feature\feature_1569_AB+.png,AB+
C:\Users\USER\Desktop\Stuff\Code\BloodGroupDetection\Feature\feature_1570_AB+.png,AB+
C:\Users\USER\Desktop\Stuff\Code\BloodGroupDetection\Feature\feature_1571_AB+.png,AB+
C:\Users\USER\Desktop\Stuff\Code\BloodGroupDetection\Feature\feature_1572_AB+.png,AB+
C:\Users\USER\Desktop\Stuff\Code\BloodGroupDetection\Feature\feature_1573_AB+.png,AB+
C:\Users\USER\Desktop\Stuff\Code\BloodGroupDetection\Feature\feature_1574_AB+.png,AB+
C:\Users\USER\Desktop\Stuff\Code\BloodGroupDetection\Feature\feature_1575_AB+.png,AB+
C:\Users\USER\Desktop\Stuff\Code\BloodGroupDetection\Feature\feature_1576_AB+.png,AB+
C:\Users\USER\Desktop\Stuff\Code\BloodGroupDetection\Feature\feature_1577_AB+.png,AB+
C:\Users\USER\Desktop\Stuff\Code\BloodGroupDetection\Feature\feature_1578_AB+.png,AB+
C:\Users\USER\Desktop\Stuff\Code\BloodGroupDetection\Feature\feature_1579_AB+.png,AB+
C:\Users\USER\Desktop\Stuff\Code\BloodGroupDetection\Feature\feature_1580_AB+.png,AB+
C:\Users\USER\Desktop\Stuff\Code\BloodGroupDetection\Feature\feature_1581_AB+.png,AB+
C:\Users\USER\Desktop\Stuff\Code\BloodGroupDetection\Feature\feature_1582_AB+.png,AB+
C:\Users\USER\Desktop\Stuff\Code\BloodGroupDetection\Feature\feature_1583_AB+.png,AB+
C:\Users\USER\Desktop\Stuff\Code\BloodGroupDetection\Feature\feature_1584_AB+.png,AB+
C:\Users\USER\Desktop\Stuff\Code\BloodGroupDetection\Feature\feature_1585_AB+.png,AB+
C:\Users\USER\Desktop\Stuff\Code\BloodGroupDetection\Feature\feature_1586_AB+.png,AB+
C:\Users\USER\Desktop\Stuff\Code\BloodGroupDetection\Feature\feature_1587_AB+.png,AB+
C:\Users\USER\Desktop\Stuff\Code\BloodGroupDetection\Feature\feature_1588_AB+.png,AB+
C:\Users\USER\Desktop\Stuff\Code\BloodGroupDetection\Feature\feature_1589_AB+.png,AB+
C:\Users\USER\Desktop\Stuff\Code\BloodGroupDetection\Feature\feature_1590_AB+.png,AB+
C:\Users\USER\Desktop\Stuff\Code\BloodGroupDetection\Feature\feature_1591_AB+.png,AB+
C:\Users\USER\Desktop\Stuff\Code\BloodGroupDetection\Feature\feature_1592_AB+.png,AB+
C:\Users\USER\Desktop\Stuff\Code\BloodGroupDetection\Feature\feature_1593_AB+.png,AB+
C:\Users\USER\Desktop\Stuff\Code\BloodGroupDetection\Feature\feature_1594_AB+.png,AB+
C:\Users\USER\Desktop\Stuff\Code\BloodGroupDetection\Feature\feature_1595_AB+.png,AB+
C:\Users\USER\Desktop\Stuff\Code\BloodGroupDetection\Feature\feature_1596_AB+.png,AB+
C:\Users\USER\Desktop\Stuff\Code\BloodGroupDetection\Feature\feature_1597_AB+.png,AB+
C:\Users\USER\Desktop\Stuff\Code\BloodGroupDetection\Feature\feature_1598_AB+.png,AB+
C:\Users\USER\Desktop\Stuff\Code\BloodGroupDetection\Feature\feature_1599_AB+.png,AB+
C:\Users\USER\Desktop\Stuff\Code\BloodGroupDetection\Feature\feature_1600_AB+.png,AB+
C:\Users\USER\Desktop\Stuff\Code\BloodGroupDetection\Feature\feature_1601_AB+.png,AB+
C:\Users\USER\Desktop\Stuff\Code\BloodGroupDetection\Feature\feature_1602_AB+.png,AB+
C:\Users\USER\Desktop\Stuff\Code\BloodGroupDetection\Feature\feature_1603_AB+.png,AB+
C:\Users\USER\Desktop\Stuff\Code\BloodGroupDetection\Feature\feature_2252_AB-.png,AB-
C:\Users\USER\Desktop\Stuff\Code\BloodGroupDetection\Feature\feature_2253_AB-.png,AB-
C:\Users\USER\Desktop\Stuff\Code\BloodGroupDetection\Feature\feature_2254_AB-.png,AB-
C:\Users\USER\Desktop\Stuff\Code\BloodGroupDetection\Feature\feature_2255_AB-.png,AB-
C:\Users\USER\Desktop\Stuff\Code\BloodGroupDetection\Feature\feature_2256_AB-.png,AB-
C:\Users\USER\Desktop\Stuff\Code\BloodGroupDetection\Feature\feature_2257_AB-.png,AB-
C:\Users\USER\Desktop\Stuff\Code\BloodGroupDetection\Feature\feature_2258_AB-.png,AB-
C:\Users\USER\Desktop\Stuff\Code\BloodGroupDetection\Feature\feature_2259_AB-.png,AB-
C:\Users\USER\Desktop\Stuff\Code\BloodGroupDetection\Feature\feature_2260_AB-.png,AB-
C:\Users\USER\Desktop\Stuff\Code\BloodGroupDetection\Feature\feature_2261_AB-.png,AB-
C:\Users\USER\Desktop\Stuff\Code\BloodGroupDetection\Feature\feature_2262_AB-.png,AB-
C:\Users\USER\Desktop\Stuff\Code\BloodGroupDetection\Feature\feature_2263_AB-.png,AB-
C:\Users\USER\Desktop\Stuff\Code\BloodGroupDetection\Feature\feature_2264_AB-.png,AB-
C:\Users\USER\Desktop\Stuff\Code\BloodGroupDetection\Feature\feature_2265_AB-.png,AB-
C:\Users\USER\Desktop\Stuff\Code\BloodGroupDetection\Feature\feature_2266_AB-.png,AB-
C:\Users\USER\Desktop\Stuff\Code\BloodGroupDetection\Feature\feature_2267_AB-.png,AB-
C:\Users\USER\Desktop\Stuff\Code\BloodGroupDetection\Feature\feature_2268_AB-.png,AB-
C:\Users\USER\Desktop\Stuff\Code\BloodGroupDetection\Feature\feature_2269_AB-.png,AB-
C:\Users\USER\Desktop\Stuff\Code\BloodGroupDetection\Feature\feature_2270_AB-.png,AB-
C:\Users\USER\Desktop\Stuff\Code\BloodGroupDetection\Feature\feature_2271_AB-.png,AB-
C:\Users\USER\Desktop\Stuff\Code\BloodGroupDetection\Feature\feature_2272_AB-.png,AB-
C:\Users\USER\Desktop\Stuff\Code\BloodGroupDetection\Feature\feature_2273_AB-.png,AB-
C:\Users\USER\Desktop\Stuff\Code\BloodGroupDetection\Feature\feature_2274_AB-.png,AB-
C:\Users\USER\Desktop\Stuff\Code\BloodGroupDetection\Feature\feature_2275_AB-.png,AB-
C:\Users\USER\Desktop\Stuff\Code\BloodGroupDetection\Feature\feature_2276_AB-.png,AB-
C:\Users\USER\Desktop\Stuff\Code\BloodGroupDetection\Feature\feature_2277_AB-.png,AB-
C:\Users\USER\Desktop\Stuff\Code\BloodGroupDetection\Feature\feature_2278_AB-.png,AB-
C:\Users\USER\Desktop\Stuff\Code\BloodGroupDetection\Feature\feature_2279_AB-.png,AB-
C:\Users\USER\Desktop\Stuff\Code\BloodGroupDetection\Feature\feature_2280_AB-.png,AB-
C:\Users\USER\Desktop\Stuff\Code\BloodGroupDetection\Feature\feature_2281_AB-.png,AB-
C:\Users\USER\Desktop\Stuff\Code\BloodGroupDetection\Feature\feature_2282_AB-.png,AB-
C:\Users\USER\Desktop\Stuff\Code\BloodGroupDetection\Feature\feature_2283_AB-.png,AB-
C:\Users\USER\Desktop\Stuff\Code\BloodGroupDetection\Feature\feature_2284_AB-.png,AB-
C:\Users\USER\Desktop\Stuff\Code\BloodGroupDetection\Feature\feature_2285_AB-.png,AB-
C:\Users\USER\Desktop\Stuff\Code\BloodGroupDetection\Feature\feature_2286_AB-.png,AB-
C:\Users\USER\Desktop\Stuff\Code\BloodGroupDetection\Feature\feature_2287_AB-.png,AB-
C:\Users\USER\Desktop\Stuff\Code\BloodGroupDetection\Feature\feature_2288_AB-.png,AB-
C:\Users\USER\Desktop\Stuff\Code\BloodGroupDetection\Feature\feature_2289_AB-.png,AB-
C:\Users\USER\Desktop\Stuff\Code\BloodGroupDetection\Feature\feature_2290_AB-.png,AB-
C:\Users\USER\Desktop\Stuff\Code\BloodGroupDetection\Feature\feature_2291_AB-.png,AB-
C:\Users\USER\Desktop\Stuff\Code\BloodGroupDetection\Feature\feature_2292_AB-.png,AB-
C:\Users\USER\Desktop\Stuff\Code\BloodGroupDetection\Feature\feature_2293_AB-.png,AB-
C:\Users\USER\Desktop\Stuff\Code\BloodGroupDetection\Feature\feature_2294_AB-.png,AB-
C:\Users\USER\Desktop\Stuff\Code\BloodGroupDetection\Feature\feature_2295_AB-.png,AB-
C:\Users\USER\Desktop\Stuff\Code\BloodGroupDetection\Feature\feature_2296_AB-.png,AB-
C:\Users\USER\Desktop\Stuff\Code\BloodGroupDetection\Feature\feature_2297_AB-.png,AB-
C:\Users\USER\Desktop\Stuff\Code\BloodGroupDetection\Feature\feature_2298_AB-.png,AB-
C:\Users\USER\Desktop\Stuff\Code\BloodGroupDetection\Feature\feature_2299_AB-.png,AB-
C:\Users\USER\Desktop\Stuff\Code\BloodGroupDetection\Feature\feature_2300_AB-.png,AB-
C:\Users\USER\Desktop\Stuff\Code\BloodGroupDetection\Feature\feature_2301_AB-.png,AB-
C:\Users\USER\Desktop\Stuff\Code\BloodGroupDetection\Feature\feature_3003_B+.png,B+
C:\Users\USER\Desktop\Stuff\Code\BloodGroupDetection\Feature\feature_3004_B+.png,B+
C:\Users\USER\Desktop\Stuff\Code\BloodGroupDetection\Feature\feature_3005_B+.png,B+
C:\Users\USER\Desktop\Stuff\Code\BloodGroupDetection\Feature\feature_3006_B+.png,B+
C:\Users\USER\Desktop\Stuff\Code\BloodGroupDetection\Feature\feature_3007_B+.png,B+
C:\Users\USER\Desktop\Stuff\Code\BloodGroupDetection\Feature\feature_3008_B+.png,B+
C:\Users\USER\Desktop\Stuff\Code\BloodGroupDetection\Feature\feature_3009_B+.png,B+
C:\Users\USER\Desktop\Stuff\Code\BloodGroupDetection\Feature\feature_3010_B+.png,B+
C:\Users\USER\Desktop\Stuff\Code\BloodGroupDetection\Feature\feature_3011_B+.png,B+
C:\Users\USER\Desktop\Stuff\Code\BloodGroupDetection\Feature\feature_3012_B+.png,B+
C:\Users\USER\Desktop\Stuff\Code\BloodGroupDetection\Feature\feature_3013_B+.png,B+
C:\Users\USER\Desktop\Stuff\Code\BloodGroupDetection\Feature\feature_3014_B+.png,B+
C:\Users\USER\Desktop\Stuff\Code\BloodGroupDetection\Feature\feature_3015_B+.png,B+
C:\Users\USER\Desktop\Stuff\Code\BloodGroupDetection\Feature\feature_3016_B+.png,B+
C:\Users\USER\Desktop\Stuff\Code\BloodGroupDetection\Feature\feature_3017_B+.png,B+
C:\Users\USER\Desktop\Stuff\Code\BloodGroupDetection\Feature\feature_3018_B+.png,B+
C:\Users\USER\Desktop\Stuff\Code\BloodGroupDetection\Feature\feature_3019_B+.png,B+
C:\Users\USER\Desktop\Stuff\Code\BloodGroupDetection\Feature\feature_3020_B+.png,B+
C:\Users\USER\Desktop\Stuff\Code\BloodGroupDetection\Feature\feature_3021_B+.png,B+
C:\Users\USER\Desktop\Stuff\Code\BloodGroupDetection\Feature\feature_3022_B+.png,B+
C:\Users\USER\Desktop\Stuff\Code\BloodGroupDetection\Feature\feature_3023_B+.png,B+
C:\Users\USER\Desktop\Stuff\Code\BloodGroupDetection\Feature\feature_3024_B+.png,B+
C:\Users\USER\Desktop\Stuff\Code\BloodGroupDetection\Feature\feature_3025_B+.png,B+
C:\Users\USER\Desktop\Stuff\Code\BloodGroupDetection\Feature\feature_3026_B+.png,B+
C:\Users\USER\Desktop\Stuff\Code\BloodGroupDetection\Feature\feature_3027_B+.png,B+
C:\Users\USER\Desktop\Stuff\Code\BloodGroupDetection\Feature\feature_3028_B+.png,B+
C:\Users\USER\Desktop\Stuff\Code\BloodGroupDetection\Feature\feature_3029_B+.png,B+
C:\Users\USER\Desktop\Stuff\Code\BloodGroupDetection\Feature\feature_3030_B+.png,B+
C:\Users\USER\Desktop\Stuff\Code\BloodGroupDetection\Feature\feature_3031_B+.png,B+
C:\Users\USER\Desktop\Stuff\Code\BloodGroupDetection\Feature\feature_3032_B+.png,B+
C:\Users\USER\Desktop\Stuff\Code\BloodGroupDetection\Feature\feature_3033_B+.png,B+
C:\Users\USER\Desktop\Stuff\Code\BloodGroupDetection\Feature\feature_3034_B+.png,B+
C:\Users\USER\Desktop\Stuff\Code\BloodGroupDetection\Feature\feature_3035_B+.png,B+
C:\Users\USER\Desktop\Stuff\Code\BloodGroupDetection\Feature\feature_3036_B+.png,B+
C:\Users\USER\Desktop\Stuff\Code\BloodGroupDetection\Feature\feature_3037_B+.png,B+
C:\Users\USER\Desktop\Stuff\Code\BloodGroupDetection\Feature\feature_3038_B+.png,B+
C:\Users\USER\Desktop\Stuff\Code\BloodGroupDetection\Feature\feature_3039_B+.png,B+
C:\Users\USER\Desktop\Stuff\Code\BloodGroupDetection\Feature\feature_3040_B+.png,B+
C:\Users\USER\Desktop\Stuff\Code\BloodGroupDetection\Feature\feature_3041_B+.png,B+
C:\Users\USER\Desktop\Stuff\Code\BloodGroupDetection\Feature\feature_3042_B+.png,B+
C:\Users\USER\Desktop\Stuff\Code\BloodGroupDetection\Feature\feature_3043_B+.png,B+
C:\Users\USER\Desktop\Stuff\Code\BloodGroupDetection\Feature\feature_3044_B+.png,B+
C:\Users\USER\Desktop\Stuff\Code\BloodGroupDetection\Feature\feature_3045_B+.png,B+
C:\Users\USER\Desktop\Stuff\Code\BloodGroupDetection\Feature\feature_3046_B+.png,B+
C:\Users\USER\Desktop\Stuff\Code\BloodGroupDetection\Feature\feature_3047_B+.png,B+
C:\Users\USER\Desktop\Stuff\Code\BloodGroupDetection\Feature\feature_3048_B+.png,B+
C:\Users\USER\Desktop\Stuff\Code\BloodGroupDetection\Feature\feature_3049_B+.png,B+
C:\Users\USER\Desktop\Stuff\Code\BloodGroupDetection\Feature\feature_3050_B+.png,B+
C:\Users\USER\Desktop\Stuff\Code\BloodGroupDetection\Feature\feature_3051_B+.png,B+
C:\Users\USER\Desktop\Stuff\Code\BloodGroupDetection\Feature\feature_3052_B+.png,B+
C:\Users\USER\Desktop\Stuff\Code\BloodGroupDetection\Feature\feature_3645_B-.png,B-
C:\Users\USER\Desktop\Stuff\Code\BloodGroupDetection\Feature\feature_3646_B-.png,B-
C:\Users\USER\Desktop\Stuff\Code\BloodGroupDetection\Feature\feature_3647_B-.png,B-
C:\Users\USER\Desktop\Stuff\Code\BloodGroupDetection\Feature\feature_3648_B-.png,B-
C:\Users\USER\Desktop\Stuff\Code\BloodGroupDetection\Feature\feature_3649_B-.png,B-
C:\Users\USER\Desktop\Stuff\Code\BloodGroupDetection\Feature\feature_3650_B-.png,B-
C:\Users\USER\Desktop\Stuff\Code\BloodGroupDetection\Feature\feature_3651_B-.png,B-
C:\Users\USER\Desktop\Stuff\Code\BloodGroupDetection\Feature\feature_3652_B-.png,B-
C:\Users\USER\Desktop\Stuff\Code\BloodGroupDetection\Feature\feature_3653_B-.png,B-
C:\Users\USER\Desktop\Stuff\Code\BloodGroupDetection\Feature\feature_3654_B-.png,B-
C:\Users\USER\Desktop\Stuff\Code\BloodGroupDetection\Feature\feature_3655_B-.png,B-
C:\Users\USER\Desktop\Stuff\Code\BloodGroupDetection\Feature\feature_3656_B-.png,B-
C:\Users\USER\Desktop\Stuff\Code\BloodGroupDetection\Feature\feature_3657_B-.png,B-
C:\Users\USER\Desktop\Stuff\Code\BloodGroupDetection\Feature\feature_3658_B-.png,B-
C:\Users\USER\Desktop\Stuff\Code\BloodGroupDetection\Feature\feature_3659_B-.png,B-
C:\Users\USER\Desktop\Stuff\Code\BloodGroupDetection\Feature\feature_3660_B-.png,B-
C:\Users\USER\Desktop\Stuff\Code\BloodGroupDetection\Feature\feature_3661_B-.png,B-
C:\Users\USER\Desktop\Stuff\Code\BloodGroupDetection\Feature\feature_3662_B-.png,B-
C:\Users\USER\Desktop\Stuff\Code\BloodGroupDetection\Feature\feature_3663_B-.png,B-
C:\Users\USER\Desktop\Stuff\Code\BloodGroupDetection\Feature\feature_3664_B-.png,B-
C:\Users\USER\Desktop\Stuff\Code\BloodGroupDetection\Feature\feature_3665_B-.png,B-
C:\Users\USER\Desktop\Stuff\Code\BloodGroupDetection\Feature\feature_3666_B-.png,B-
C:\Users\USER\Desktop\Stuff\Code\BloodGroupDetection\Feature\feature_3667_B-.png,B-
C:\Users\USER\Desktop\Stuff\Code\BloodGroupDetection\Feature\feature_3668_B-.png,B-
C:\Users\USER\Desktop\Stuff\Code\BloodGroupDetection\Feature\feature_3669_B-.png,B-
C:\Users\USER\Desktop\Stuff\Code\BloodGroupDetection\Feature\feature_3670_B-.png,B-
C:\Users\USER\Desktop\Stuff\Code\BloodGroupDetection\Feature\feature_3671_B-.png,B-
C:\Users\USER\Desktop\Stuff\Code\BloodGroupDetection\Feature\feature_3672_B-.png,B-
C:\Users\USER\Desktop\Stuff\Code\BloodGroupDetection\Feature\feature_3673_B-.png,B-
C:\Users\USER\Desktop\Stuff\Code\BloodGroupDetection\Feature\feature_3674_B-.png,B-
C:\Users\USER\Desktop\Stuff\Code\BloodGroupDetection\Feature\feature_3675_B-.png,B-
C:\Users\USER\Desktop\Stuff\Code\BloodGroupDetection\Feature\feature_3676_B-.png,B-
C:\Users\USER\Desktop\Stuff\Code\BloodGroupDetection\Feature\feature_3677_B-.png,B-
C:\Users\USER\Desktop\Stuff\Code\BloodGroupDetection\Feature\feature_3678_B-.png,B-
C:\Users\USER\Desktop\Stuff\Code\BloodGroupDetection\Feature\feature_3679_B-.png,B-
C:\Users\USER\Desktop\Stuff\Code\BloodGroupDetection\Feature\feature_3680_B-.png,B-
C:\Users\USER\Desktop\Stuff\Code\BloodGroupDetection\Feature\feature_3681_B-.png,B-
C:\Users\USER\Desktop\Stuff\Code\BloodGroupDetection\Feature\feature_3682_B-.png,B-
C:\Users\USER\Desktop\Stuff\Code\BloodGroupDetection\Feature\feature_3683_B-.png,B-
C:\Users\USER\Desktop\Stuff\Code\BloodGroupDetection\Feature\feature_3684_B-.png,B-
C:\Users\USER\Desktop\Stuff\Code\BloodGroupDetection\Feature\feature_3685_B-.png,B-
C:\Users\USER\Desktop\Stuff\Code\BloodGroupDetection\Feature\feature_3686_B-.png,B-
C:\Users\USER\Desktop\Stuff\Code\BloodGroupDetection\Feature\feature_3687_B-.png,B-
C:\Users\USER\Desktop\Stuff\Code\BloodGroupDetection\Feature\feature_3688_B-.png,B-
C:\Users\USER\Desktop\Stuff\Code\BloodGroupDetection\Feature\feature_3689_B-.png,B-
C:\Users\USER\Desktop\Stuff\Code\BloodGroupDetection\Feature\feature_3690_B-.png,B-
C:\Users\USER\Desktop\Stuff\Code\BloodGroupDetection\Feature\feature_3691_B-.png,B-
C:\Users\USER\Desktop\Stuff\Code\BloodGroupDetection\Feature\feature_3692_B-.png,B-
C:\Users\USER\Desktop\Stuff\Code\BloodGroupDetection\Feature\feature_3693_B-.png,B-
C:\Users\USER\Desktop\Stuff\Code\BloodGroupDetection\Feature\feature_3694_B-.png,B-
C:\Users\USER\Desktop\Stuff\Code\BloodGroupDetection\Feature\feature_4376_O+.png,O+
C:\Users\USER\Desktop\Stuff\Code\BloodGroupDetection\Feature\feature_4377_O+.png,O+
C:\Users\USER\Desktop\Stuff\Code\BloodGroupDetection\Feature\feature_4378_O+.png,O+
C:\Users\USER\Desktop\Stuff\Code\BloodGroupDetection\Feature\feature_4379_O+.png,O+
C:\Users\USER\Desktop\Stuff\Code\BloodGroupDetection\Feature\feature_4380_O+.png,O+
C:\Users\USER\Desktop\Stuff\Code\BloodGroupDetection\Feature\feature_4381_O+.png,O+
C:\Users\USER\Desktop\Stuff\Code\BloodGroupDetection\Feature\feature_4382_O+.png,O+
C:\Users\USER\Desktop\Stuff\Code\BloodGroupDetection\Feature\feature_4383_O+.png,O+
C:\Users\USER\Desktop\Stuff\Code\BloodGroupDetection\Feature\feature_4384_O+.png,O+
C:\Users\USER\Desktop\Stuff\Code\BloodGroupDetection\Feature\feature_4385_O+.png,O+
C:\Users\USER\Desktop\Stuff\Code\BloodGroupDetection\Feature\feature_4386_O+.png,O+
C:\Users\USER\Desktop\Stuff\Code\BloodGroupDetection\Feature\feature_4387_O+.png,O+
C:\Users\USER\Desktop\Stuff\Code\BloodGroupDetection\Feature\feature_4388_O+.png,O+
C:\Users\USER\Desktop\Stuff\Code\BloodGroupDetection\Feature\feature_4389_O+.png,O+
C:\Users\USER\Desktop\Stuff\Code\BloodGroupDetection\Feature\feature_4390_O+.png,O+
C:\Users\USER\Desktop\Stuff\Code\BloodGroupDetection\Feature\feature_4391_O+.png,O+
C:\Users\USER\Desktop\Stuff\Code\BloodGroupDetection\Feature\feature_4392_O+.png,O+
C:\Users\USER\Desktop\Stuff\Code\BloodGroupDetection\Feature\feature_4393_O+.png,O+
C:\Users\USER\Desktop\Stuff\Code\BloodGroupDetection\Feature\feature_4394_O+.png,O+
C:\Users\USER\Desktop\Stuff\Code\BloodGroupDetection\Feature\feature_4395_O+.png,O+
C:\Users\USER\Desktop\Stuff\Code\BloodGroupDetection\Feature\feature_4396_O+.png,O+
C:\Users\USER\Desktop\Stuff\Code\BloodGroupDetection\Feature\feature_4397_O+.png,O+
C:\Users\USER\Desktop\Stuff\Code\BloodGroupDetection\Feature\feature_4398_O+.png,O+
C:\Users\USER\Desktop\Stuff\Code\BloodGroupDetection\Feature\feature_4399_O+.png,O+
C:\Users\USER\Desktop\Stuff\Code\BloodGroupDetection\Feature\feature_4400_O+.png,O+
C:\Users\USER\Desktop\Stuff\Code\BloodGroupDetection\Feature\feature_4401_O+.png,O+
C:\Users\USER\Desktop\Stuff\Code\BloodGroupDetection\Feature\feature_4402_O+.png,O+
C:\Users\USER\Desktop\Stuff\Code\BloodGroupDetection\Feature\feature_4403_O+.png,O+
C:\Users\USER\Desktop\Stuff\Code\BloodGroupDetection\Feature\feature_4404_O+.png,O+
C:\Users\USER\Desktop\Stuff\Code\BloodGroupDetection\Feature\feature_4405_O+.png,O+
C:\Users\USER\Desktop\Stuff\Code\BloodGroupDetection\Feature\feature_4406_O+.png,O+
C:\Users\USER\Desktop\Stuff\Code\BloodGroupDetection\Feature\feature_4407_O+.png,O+
C:\Users\USER\Desktop\Stuff\Code\BloodGroupDetection\Feature\feature_4408_O+.png,O+
C:\Users\USER\Desktop\Stuff\Code\BloodGroupDetection\Feature\feature_4409_O+.png,O+
C:\Users\USER\Desktop\Stuff\Code\BloodGroupDetection\Feature\feature_4410_O+.png,O+
C:\Users\USER\Desktop\Stuff\Code\BloodGroupDetection\Feature\feature_4411_O+.png,O+
C:\Users\USER\Desktop\Stuff\Code\BloodGroupDetection\Feature\feature_4412_O+.png,O+
C:\Users\USER\Desktop\Stuff\Code\BloodGroupDetection\Feature\feature_4413_O+.png,O+
C:\Users\USER\Desktop\Stuff\Code\BloodGroupDetection\Feature\feature_4414_O+.png,O+
C:\Users\USER\Desktop\Stuff\Code\BloodGroupDetection\Feature\feature_4415_O+.png,O+
C:\Users\USER\Desktop\Stuff\Code\BloodGroupDetection\Feature\feature_4416_O+.png,O+
C:\Users\USER\Desktop\Stuff\Code\BloodGroupDetection\Feature\feature_4417_O+.png,O+
C:\Users\USER\Desktop\Stuff\Code\BloodGroupDetection\Feature\feature_4418_O+.png,O+
C:\Users\USER\Desktop\Stuff\Code\BloodGroupDetection\Feature\feature_4419_O+.png,O+
C:\Users\USER\Desktop\Stuff\Code\BloodGroupDetection\Feature\feature_4420_O+.png,O+
C:\Users\USER\Desktop\Stuff\Code\BloodGroupDetection\Feature\feature_4421_O+.png,O+
C:\Users\USER\Desktop\Stuff\Code\BloodGroupDetection\Feature\feature_4422_O+.png,O+
C:\Users\USER\Desktop\Stuff\Code\BloodGroupDetection\Feature\feature_4423_O+.png,O+
C:\Users\USER\Desktop\Stuff\Code\BloodGroupDetection\Feature\feature_4424_O+.png,O+
C:\Users\USER\Desktop\Stuff\Code\BloodGroupDetection\Feature\feature_4425_O+.png,O+
C:\Users\USER\Desktop\Stuff\Code\BloodGroupDetection\Feature\feature_5218_O-.png,O-
C:\Users\USER\Desktop\Stuff\Code\BloodGroupDetection\Feature\feature_5219_O-.png,O-
C:\Users\USER\Desktop\Stuff\Code\BloodGroupDetection\Feature\feature_5220_O-.png,O-
C:\Users\USER\Desktop\Stuff\Code\BloodGroupDetection\Feature\feature_5221_O-.png,O-
C:\Users\USER\Desktop\Stuff\Code\BloodGroupDetection\Feature\feature_5222_O-.png,O-
C:\Users\USER\Desktop\Stuff\Code\BloodGroupDetection\Feature\feature_5223_O-.png,O-
C:\Users\USER\Desktop\Stuff\Code\BloodGroupDetection\Feature\feature_5224_O-.png,O-
C:\Users\USER\Desktop\Stuff\Code\BloodGroupDetection\Feature\feature_5225_O-.png,O-
C:\Users\USER\Desktop\Stuff\Code\BloodGroupDetection\Feature\feature_5226_O-.png,O-
C:\Users\USER\Desktop\Stuff\Code\BloodGroupDetection\Feature\feature_5227_O-.png,O-
C:\Users\USER\Desktop\Stuff\Code\BloodGroupDetection\Feature\feature_5228_O-.png,O-
C:\Users\USER\Desktop\Stuff\Code\BloodGroupDetection\Feature\feature_5229_O-.png,O-
C:\Users\USER\Desktop\Stuff\Code\BloodGroupDetection\Feature\feature_5230_O-.png,O-
C:\Users\USER\Desktop\Stuff\Code\BloodGroupDetection\Feature\feature_5231_O-.png,O-
C:\Users\USER\Desktop\Stuff\Code\BloodGroupDetection\Feature\feature_5232_O-.png,O-
C:\Users\USER\Desktop\Stuff\Code\BloodGroupDetection\Feature\feature_5233_O-.png,O-
C:\Users\USER\Desktop\Stuff\Code\BloodGroupDetection\Feature\feature_5234_O-.png,O-
C:\Users\USER\Desktop\Stuff\Code\BloodGroupDetection\Feature\feature_5235_O-.png,O-
C:\Users\USER\Desktop\Stuff\Code\BloodGroupDetection\Feature\feature_5236_O-.png,O-
C:\Users\USER\Desktop\Stuff\Code\BloodGroupDetection\Feature\feature_5237_O-.png,O-
C:\Users\USER\Desktop\Stuff\Code\BloodGroupDetection\Feature\feature_5238_O-.png,O-
C:\Users\USER\Desktop\Stuff\Code\BloodGroupDetection\Feature\feature_5239_O-.png,O-
C:\Users\USER\Desktop\Stuff\Code\BloodGroupDetection\Feature\feature_5240_O-.png,O-
C:\Users\USER\Desktop\Stuff\Code\BloodGroupDetection\Feature\feature_5241_O-.png,O-
C:\Users\USER\Desktop\Stuff\Code\BloodGroupDetection\Feature\feature_5242_O-.png,O-
C:\Users\USER\Desktop\Stuff\Code\BloodGroupDetection\Feature\feature_5243_O-.png,O-
C:\Users\USER\Desktop\Stuff\Code\BloodGroupDetection\Feature\feature_5244_O-.png,O-
C:\Users\USER\Desktop\Stuff\Code\BloodGroupDetection\Feature\feature_5245_O-.png,O-
C:\Users\USER\Desktop\Stuff\Code\BloodGroupDetection\Feature\feature_5246_O-.png,O-
C:\Users\USER\Desktop\Stuff\Code\BloodGroupDetection\Feature\feature_5247_O-.png,O-
C:\Users\USER\Desktop\Stuff\Code\BloodGroupDetection\Feature\feature_5248_O-.png,O-
C:\Users\USER\Desktop\Stuff\Code\BloodGroupDetection\Feature\feature_5249_O-.png,O-
C:\Users\USER\Desktop\Stuff\Code\BloodGroupDetection\Feature\feature_5250_O-.png,O-
C:\Users\USER\Desktop\Stuff\Code\BloodGroupDetection\Feature\feature_5251_O-.png,O-
C:\Users\USER\Desktop\Stuff\Code\BloodGroupDetection\Feature\feature_5252_O-.png,O-
C:\Users\USER\Desktop\Stuff\Code\BloodGroupDetection\Feature\feature_5253_O-.png,O-
C:\Users\USER\Desktop\Stuff\Code\BloodGroupDetection\Feature\feature_5254_O-.png,O-
C:\Users\USER\Desktop\Stuff\Code\BloodGroupDetection\Feature\feature_5255_O-.png,O-
C:\Users\USER\Desktop\Stuff\Code\BloodGroupDetection\Feature\feature_5256_O-.png,O-
C:\Users\USER\Desktop\Stuff\Code\BloodGroupDetection\Feature\feature_5257_O-.png,O-
C:\Users\USER\Desktop\Stuff\Code\BloodGroupDetection\Feature\feature_5258_O-.png,O-
C:\Users\USER\Desktop\Stuff\Code\BloodGroupDetection\Feature\feature_5259_O-.png,O-
C:\Users\USER\Desktop\Stuff\Code\BloodGroupDetection\Feature\feature_5260_O-.png,O-
C:\Users\USER\Desktop\Stuff\Code\BloodGroupDetection\Feature\feature_5261_O-.png,O-
C:\Users\USER\Desktop\Stuff\Code\BloodGroupDetection\Feature\feature_5262_O-.png,O-
C:\Users\USER\Desktop\Stuff\Code\BloodGroupDetection\Feature\feature_5263_O-.png,O-
C:\Users\USER\Desktop\Stuff\Code\BloodGroupDetection\Feature\feature_5264_O-.png,O-
C:\Users\USER\Desktop\Stuff\Code\BloodGroupDetection\Feature\feature_5265_O-.png,O-
C:\Users\USER\Desktop\Stuff\Code\BloodGroupDetection\Feature\feature_5266_O-.png,O-
C:\Users\USER\Desktop\Stuff\Code\BloodGroupDetection\Feature\feature_5267_O-.png,O-
